avg_rental_hours,avg_rental_days,avg_payment_per_rental
120.63715750546287,5.0265482293943045,4.2166767523953606
