store_id,store_revenue,total_transactions,avg_payment_per_store
2,33722.78,8120,4.1530517241379310
1,33688.75,7927,4.2498738488709474
